-- Patient Data
INSERT INTO Patients (FirstName, LastName, DateOfBirth, Gender, Address, PhoneNum, Email, Allergies) VALUES
('Nam Loc', 'Vu', '1990-01-15', 'Male', '123 Le Loi Street, Hanoi', '0901234567', 'namlocvu@gmail.com', 'Pollen'),
('Duy Minh', 'Dang', '1992-03-22', 'Male', '456 Tran Phu Street, Ho Chi Minh City', '0902345678', 'duyminhdang@yahoo.com', 'Seafood'),
('Luong Quyen', 'Ngo', '1988-05-10', 'Male', '789 Nguyen Hue Street, Da Nang', '0903456789', 'luongngo@gmail.com', 'Nuts'),
('Duy Hai', 'Pham', '1995-07-30', 'Male', '321 Ly Thuong Kiet Street, Hue', '0904567890', 'duyhaipham@hotmail.com', 'Dairy'),
('Thanh Chau', 'Ngo', '1987-09-18', 'Female', '654 Le Duan Street, Nha Trang', '0905678901', 'thanhchaungo@gmail.com', 'Cat fur'),
('Khac Tuan', 'Vo', '1993-11-02', 'Male', '987 Nguyen Trai Street, Can Tho', '0906789012', 'khactuanvo@yahoo.com', 'Cashews'),
('Viet Nhan', 'Pham', '1991-12-25', 'Male', '123 Quang Trung Street, Hai Phong', '0907890123', 'vietnhanpham@gmail.com', 'Pollen'),
('Quoc Binh', 'Vo', '1985-04-05', 'Male', '456 Dien Bien Phu Street, Da Lat', '0908901234', 'quocbinhvo@gmail.com', 'Nuts'),
('Minh Quoc', 'Sai', '1994-06-14', 'Male', '789 Nguyen Van Linh Street, Binh Duong', '0909012345', 'minhquocsai@hotmail.com', 'Seafood'),
('Ngoc Que', 'Doan', '1989-08-23', 'Female', '321 Hung Vuong Street, Dong Nai', '0910123456', 'ngocque.doan@gmail.com', 'Nuts'),
('Van Thang', 'Ngo', '1990-02-11', 'Male', '234 Hoang Dieu Street, Hue', '0911234567', 'vanthangngo@yahoo.com', 'Dairy'),
('Thanh Ngoc', 'Vu', '1987-03-13', 'Female', '678 Phan Boi Chau Street, Vung Tau', '0912345678', 'thanhngocvu@gmail.com', 'Pollen'),
('Thanh Lam', 'Vu', '1992-04-22', 'Male', '123 Nguyen Thai Hoc Street, Quang Nam', '0913456789', 'thanhlamvu@gmail.com', ''),
('Phuong Vy', 'Mac', '1994-05-09', 'Female', '456 Phan Chu Trinh Street, Hanoi', '0914567890', 'phuongvy.mac@yahoo.com', 'Dog fur'),
('My Le', 'Pham', '1989-06-17', 'Female', '789 Trung Trac Street, Bien Hoa', '0915678901', 'myle.pham@gmail.com', 'Dairy'),
('My Hue', 'Nguyen', '1985-07-29', 'Female', '321 Le Van Luong Street, Can Tho', '0916789012', 'myhue.nguyen@hotmail.com', 'Aspirin'),
('Van Son', 'Pham', '1990-08-12', 'Male', '654 Vo Van Kiet Street, Sai Gon', '0917890123', 'vanson.pham@gmail.com', 'Aspirin'),
('Thuc Trinh', 'An', '1993-09-19', 'Female', '987 Tran Hung Dao Street, Da Nang', '0918901234', 'thuctrinh.an@yahoo.com', 'Dairy'),
('Van Huy', 'Hoang', '1988-10-05', 'Male', '123 Le Thanh Tong Street, Quang Ngai', '0919012345', 'vanhuy.hoang@gmail.com', 'Pollen'),
('My Phuong', 'Ho', '1991-11-23', 'Female', '456 Le Quy Don Street, Ninh Binh', '0920123456', 'myphuong.ho@gmail.com', 'Seafood'),
('Truc Nhi', 'Vo', '1995-12-01', 'Female', '789 Nguyen Van Cu Street, Hanoi', '0921234567', 'trucnhi.vo@hotmail.com', 'None'),
('Thi Duyen', 'Bui', '1987-01-10', 'Female', '123 Phan Chu Trinh Street, Quy Nhon', '0922345678', 'thiduyen.bui@gmail.com', 'Cat fur'),
('Van Khoa', 'Ly', '1992-02-24', 'Male', '456 Ly Thuong Kiet Street, Tuyen Quang', '0923456789', 'vankhoa.ly@yahoo.com', 'None'),
('Thi Dung', 'Phan', '1990-03-15', 'Female', '789 Tran Quang Khai Street, Da Nang', '0924567890', 'thidung.phan@gmail.com', 'Pollen'),
('Van Tung', 'Vu', '1988-04-18', 'Male', '123 Nguyen Tri Phuong Street, Vinh', '0925678901', 'vantung.vu@hotmail.com', 'None'),
('Van Quang', 'Nguyen', '1991-01-14', 'Male', '11B Hoang Hoa Tham Street, Nha Trang', '0926789012', 'vanquang.nguyen@gmail.com', 'Pollen'),
('Thi Phuong', 'Le', '1993-02-20', 'Female', '234 Tran Phu Street, Ho Chi Minh City', '0927890123', 'thiphuong.le@gmail.com', 'Seafood'),
('Van Duc', 'Tran', '1992-04-13', 'Male', '56 Le Loi Street, Hanoi', '0928901234', 'vanduc.tran@gmail.com', 'None'),
('Thi Nhung', 'Hoang', '1990-06-25', 'Female', '789 Vo Van Kiet Street, Da Nang', '0929012345', 'thinhnung.hoang@yahoo.com', 'Cat fur'),
('Van Bao', 'Pham', '1988-08-15', 'Male', '90 Ly Thuong Kiet Street, Hue', '0930123456', 'vanbao.pham@gmail.com', 'None'),
('Thi Lien', 'Ngo', '1991-10-09', 'Female', '123 Nguyen Trai Street, Can Tho', '0931234567', 'thilien.ngo@hotmail.com', 'None'),
('Van Thanh', 'Bui', '1995-12-17', 'Male', '234 Tran Hung Dao Street, Vung Tau', '0932345678', 'vanthanh.bui@gmail.com', 'Pollen'),
('Thi Hue', 'Dang', '1993-03-12', 'Female', '56 Le Duan Street, Ninh Binh', '0933456789', 'thihue.dang@gmail.com', 'Dairy'),
('Van Tuan', 'Pham', '1987-05-08', 'Male', '789 Phan Chu Trinh Street, Quy Nhon', '0934567890', 'vantuan.pham@hotmail.com', 'None'),
('Thi Lan', 'Ly', '1992-07-20', 'Female', '90 Hoang Hoa Tham Street, Quang Ngai', '0935678901', 'thilan.ly@gmail.com', 'Pollen'),
('Van Hung', 'Vo', '1990-09-18', 'Male', '123 Quang Trung Street, Tuyen Quang', '0936789012', 'vanhung.vo@gmail.com', 'Seafood'),
('Thi Mai', 'Do', '1988-11-30', 'Female', '234 Nguyen Van Linh Street, Binh Duong', '0937890123', 'thimai.do@gmail.com', 'None'),
('Van Tinh', 'Le', '1994-01-25', 'Male', '56 Le Loi Street, Vinh', '0938901234', 'vantinh.le@gmail.com', 'None'),
('Thi Thao', 'Nguyen', '1991-03-14', 'Female', '789 Nguyen Hue Street, Da Lat', '0939012345', 'thithao.nguyen@gmail.com', 'Pollen'),
('Van Kiet', 'Tran', '1989-05-21', 'Male', '90 Ly Thuong Kiet Street, Dong Nai', '0940123456', 'vankiet.tran@yahoo.com', 'None'),
('Thi Lan', 'Phan', '1990-02-02', 'Female', '789 Le Thanh Tong Street, Hai Duong', '0941234567', 'thilan.phan@gmail.com', 'Pollen'),
('Van Son', 'Do', '1988-04-22', 'Male', '123 Nguyen Van Linh Street, Lao Cai', '0942345678', 'vanson.do@gmail.com', 'Seafood'),
('Thi Thuy', 'Nguyen', '1991-06-11', 'Female', '456 Le Duan Street, Bac Ninh', '0943456789', 'thithuy.nguyen@yahoo.com', 'None'),
('Van Quoc', 'Tran', '1989-08-14', 'Male', '789 Vo Nguyen Giap Street, Hai Phong', '0944567890', 'vanquoc.tran@gmail.com', 'None'),
('Thi Minh', 'Le', '1993-10-08', 'Female', '321 Hoang Dieu Street, Binh Dinh', '0945678901', 'thiminh.le@gmail.com', 'Dairy'),
('Van Hieu', 'Bui', '1987-12-17', 'Male', '654 Nguyen Thai Hoc Street, Cao Bang', '0946789012', 'vanhieu.bui@hotmail.com', 'None'),
('Thi Bao', 'Pham', '1994-03-15', 'Female', '987 Ly Thuong Kiet Street, Kon Tum', '0947890123', 'thibao.pham@gmail.com', 'Cashews'),
('Mai Linh', 'Tran', '1992-07-29', 'Female', '654 Le Loi Street, Hai Phong', '0948901234', 'mailinh.tran@gmail.com', 'Dairy'),
('Hanh Hoa', 'Nguyen', '1995-11-15', 'Female', '123 Quang Trung Street, Vinh', '0949012345', 'hanhhoa.nguyen@yahoo.com', 'Cashews'),
('Khanh Minh', 'Vu', '1989-03-03', 'Male', '456 Hoang Hoa Tham Street, Da Lat', '0950123456', 'khanhminh.vu@hotmail.com', 'Aspirin');

-- Staff Data
INSERT INTO Department (DepartmentName)
VALUES
    ('Cardiology'),
    ('Neurology'),
    ('Pediatrics'),
    ('Oncology'),
    ('Orthopedics');

INSERT INTO Staff (FirstName, LastName, JobType, Salary, Qualification, DepartmentID, ManagerID)
VALUES
    ('Nguyen', 'Van Anh', 'Doctor', 120000, 'MD Cardiology', 1, NULL),
    ('Tran', 'Thi Bao', 'Nurse', 60000, 'BSN', 1, 1),
    ('Le', 'Minh Chau', 'Admin', 50000, 'MBA Healthcare', 1, 1),
    ('Pham', 'Quoc Dung', 'Doctor', 115000, 'MD Neurology', 2, NULL),
    ('Hoang', 'Tuan Kiet', 'Lab Technician', 45000, 'AS Clinical Lab', 2, 4),
    ('Vo', 'Phuong Linh', 'Nurse', 61000, 'BSN', 3, NULL),
    ('Dang', 'Van Manh', 'Surgeon', 130000, 'MS Orthopedics', 4, NULL),
    ('Bui', 'Minh Hoa', 'Doctor', 110000, 'MD Oncology', 4, 7),
    ('Do', 'Quoc Thang', 'Admin', 52000, 'MBA Healthcare', 5, 7),
    ('Ngo', 'Thien Kim', 'Nurse', 58000, 'BSN', 5, 8),

    ('Vu', 'Van Quang', 'Doctor', 122000, 'MD Cardiology', 1, NULL),
    ('Dinh', 'Thi Lan', 'Nurse', 60200, 'BSN', 1, 11),
    ('Phan', 'Minh Long', 'Admin', 50200, 'MBA Healthcare', 1, 11),
    ('Cao', 'Quoc Tuan', 'Doctor', 116000, 'MD Neurology', 2, NULL),
    ('Chu', 'Tuan Anh', 'Lab Technician', 45200, 'AS Clinical Lab', 2, 14),
    ('Ly', 'Phuong Thao', 'Nurse', 61200, 'BSN', 3, NULL),
    ('Tran', 'Van Duc', 'Surgeon', 132000, 'MS Orthopedics', 4, NULL),
    ('Nguyen', 'Minh Khoa', 'Doctor', 112000, 'MD Oncology', 4, 17),
    ('Le', 'Quoc Huy', 'Admin', 52200, 'MBA Healthcare', 5, 17),
    ('Pham', 'Thien Bao', 'Nurse', 58200, 'BSN', 5, 18),

    ('Nguyen', 'Van Phuoc', 'Doctor', 124000, 'MD Cardiology', 1, NULL),
    ('Tran', 'Thi Mai', 'Nurse', 60400, 'BSN', 1, 21),
    ('Le', 'Minh Duy', 'Admin', 50400, 'MBA Healthcare', 1, 21),
    ('Pham', 'Quoc Binh', 'Doctor', 118000, 'MD Neurology', 2, NULL),
    ('Hoang', 'Tuan Long', 'Lab Technician', 45400, 'AS Clinical Lab', 2, 24),
    ('Vo', 'Phuong Nam', 'Nurse', 61400, 'BSN', 3, NULL),
    ('Dang', 'Van Tai', 'Surgeon', 134000, 'MS Orthopedics', 4, NULL),
    ('Bui', 'Minh Tuan', 'Doctor', 114000, 'MD Oncology', 4, 27),
    ('Do', 'Quoc Khanh', 'Admin', 52400, 'MBA Healthcare', 5, 27),
    ('Ngo', 'Thien Thanh', 'Nurse', 58400, 'BSN', 5, 28);

-- Treatment History
-- Treatment History
INSERT INTO TreatmentHistory (PatientID, DoctorID, StartDate, EndDate, TreatmentType, BillingAmount, SatisfactionScore, Status, Details)
VALUES
(1, 1, '2024-01-10', '2024-01-20', 'Cardiac Surgery', 50000, 4.8, 'Completed', 'Performed bypass surgery successfully.'),
(2, 4, '2024-02-15', '2024-02-25', 'Neurological Assessment', 15000, 4.5, 'Completed', 'Patient experienced mild headaches, diagnosed with migraine.'),
(3, 8, '2024-03-12', '2024-03-22', 'Orthopedic Surgery', 30000, 4.7, 'Completed', 'Knee replacement surgery, patient is recovering well.'),
(4, 8, '2024-04-22', '2024-05-02', 'Oncology Consultation', 10000, 4.3, 'In Progress', 'Ongoing treatment for lung cancer.'),
(5, 11, '2024-05-02', '2024-05-12', 'Cardiac Consultation', 12000, 4.9, 'Completed', 'Heart check-up; no issues detected.'),
(6, 14, '2024-06-05', '2024-06-15', 'Neurological Surgery', 40000, 4.6, 'Completed', 'Removed benign brain tumor, patient is stable.'),
(7, 18, '2024-06-18', '2024-06-28', 'Oncology Surgery', 35000, 4.4, 'In Progress', 'Breast cancer surgery, ongoing post-operative care.'),
(8, 21, '2024-07-01', '2024-07-11', 'Cardiac Consultation', 8000, 4.7, 'Completed', 'Routine cardiac check-up; advised lifestyle changes.'),
(9, 24, '2024-07-10', '2024-07-20', 'Neurological Assessment', 15000, 4.3, 'Completed', 'Dizziness and memory loss, early signs of Alzheimer detected.'),
(10, 28, '2024-07-15', '2024-07-25', 'Oncology Consultation', 9000, 4.5, 'Completed', 'Initial consultation for lymphoma treatment.'),
(11, 1, '2024-08-03', '2024-08-13', 'Orthopedic Consultation', 10000, 4.8, 'Completed', 'Shoulder pain due to arthritis, prescribed physical therapy.'),
(12, 18, '2024-08-10', '2024-08-20', 'Oncology Surgery', 45000, 4.7, 'Completed', 'Colon cancer surgery, patient in recovery.'),
(13, 4, '2024-08-15', '2024-08-25', 'Neurological Surgery', 38000, 4.4, 'Completed', 'Epilepsy surgery, patient is under observation.'),
(14, 18, '2024-08-20', '2024-08-30', 'Oncology Consultation', 15000, 4.5, 'In Progress', 'Ongoing chemotherapy for ovarian cancer.'),
(15, 11, '2024-08-25', '2024-09-05', 'Cardiac Surgery', 55000, 4.6, 'In Progress', 'Valve replacement surgery, patient recovering well.'),
(16, 21, '2024-08-28', '2024-09-07', 'Cardiac Consultation', 10000, 4.9, 'In Progress', 'Routine follow-up after surgery, no complications.'),
(17, 1, '2024-09-01', '2024-09-10', 'Cardiac Surgery', 60000, 4.7, 'In Progress', 'Awaiting triple bypass surgery.'),
(18, 14, '2024-09-05', '2024-09-15', 'Neurological Assessment', 25000, 4.4, 'In Progress', 'Parkinson disease diagnosis, beginning treatment.'),
(19, 8, '2024-09-10', '2024-09-20', 'Orthopedic Surgery', 45000, 4.8, 'In Progress', 'Hip replacement surgery scheduled.'),
(20, 8, '2024-09-12', '2024-09-22', 'Oncology Surgery', 12000, 4.7, 'In Progress', 'Skin cancer excision, patient stable.'),
(21, 8, '2024-09-15', '2024-09-25', 'Oncology Surgery', 30000, 4.6, 'In Progress', 'Liver cancer surgery, patient in post-op care.'),
(22, 14, '2024-09-20', '2024-09-30', 'Neurological Consultation', 17000, 4.3, 'In Progress', 'Follow-up for stroke rehabilitation.'),
(23, 28, '2024-09-25', '2024-10-05', 'Oncology Surgery', 38000, 4.7, 'In Progress', 'Liver cancer surgery, patient in post-op recovery.'),
(24, 18, '2024-10-01', '2024-10-11', 'Oncology Consultation', 15000, 4.4, 'In Progress', 'Monitoring patient after chemotherapy.'),
(25, 21, '2024-10-05', '2024-10-15', 'Cardiac Surgery', 60000, 4.9, 'In Progress', 'Pacemaker installation, patient stable.'),
(26, 14, '2024-10-08', '2024-10-18', 'Neurological Consultation', 22000, 4.2, 'In Progress', 'Seizure management, medication adjusted.'),
(27, 8, '2024-10-12', '2024-10-22', 'Orthopedic Consultation', 18000, 4.6, 'In Progress', 'Fracture treatment; follow-up for bone healing.'),
(28, 18, '2024-10-18', '2024-10-28', 'Oncology Surgery', 40000, 4.8, 'In Progress', 'Thyroid cancer surgery, no complications.'),
(29, 11, '2024-10-22', '2024-11-01', 'Cardiac Consultation', 9000, 4.5, 'In Progress', 'High blood pressure management, lifestyle advice given.'),
(30, 1, '2024-10-30', '2024-11-09', 'Cardiac Surgery', 65000, 4.7, 'In Progress', 'Scheduled for angioplasty.'),
(31, 4, '2024-11-02', '2024-11-12', 'Neurological Surgery', 55000, 4.8, 'In Progress', 'Prepping for spinal cord surgery.'),
(32, 8, '2024-11-08', '2024-11-18', 'Orthopedic Surgery', 50000, 4.6, 'In Progress', 'Ankle fusion surgery, patient recovering.'),
(33, 14, '2024-11-12', '2024-11-22', 'Neurological Assessment', 16000, 4.5, 'In Progress', 'Alzheimer progression, adjusted treatment plan.'),
(34, 8, '2024-11-18', '2024-11-28', 'Oncology Surgery', 43000, 4.8, 'In Progress', 'Breast cancer surgery, awaiting results.'),
(35, 21, '2024-11-22', '2024-12-02', 'Cardiac Consultation', 8000, 4.9, 'In Progress', 'Cholesterol management, diet plan provided.'),
(36, 18, '2024-11-25', '2024-12-05', 'Oncology Consultation', 22000, 4.6, 'In Progress', 'Post-surgery monitoring for breast cancer.'),
(37, 11, '2024-11-28', '2024-12-08', 'Cardiac Surgery', 57000, 4.7, 'In Progress', 'Aortic valve repair, patient is stable.'),
(38, 18, '2024-12-02', '2024-12-12', 'Oncology Consultation', 20000, 4.7, 'In Progress', 'Routine follow-up after radiation therapy.'),
(39, 1, '2024-12-05', '2024-12-15', 'Cardiac Surgery', 68000, 4.9, 'In Progress', 'Scheduled for heart transplant.'),
(40, 8, '2024-12-10', '2024-12-20', 'Orthopedic Surgery', 51000, 4.8, 'In Progress', 'Spinal fusion surgery, patient in recovery.'),
(41, 4, '2024-12-15', '2024-12-25', 'Neurological Surgery', 62000, 4.6, 'In Progress', 'Cranial surgery for trauma, patient under observation.'),
(42, 14, '2024-12-20', '2024-12-30', 'Neurological Assessment', 18000, 4.4, 'In Progress', 'Patient is showing improvement post-surgery.'),
(43, 28, '2024-12-22', '2025-01-01', 'Oncology Surgery', 70000, 4.7, 'In Progress', 'Successful surgery for bladder cancer.'),
(44, 11, '2024-12-28', '2025-01-07', 'Cardiac Consultation', 9000, 4.6, 'In Progress', 'Cardiac stress test, no significant issues found.'),
(45, 8, '2024-12-30', '2025-01-09', 'Oncology Consultation', 16000, 4.5, 'In Progress', 'Patient is responding well to chemotherapy.'),
(46, 18, '2025-01-02', '2025-01-12', 'Oncology Consultation', 23000, 4.4, 'In Progress', 'Continuous monitoring for leukemia treatment.'),
(47, 8, '2025-01-05', '2025-01-15', 'Orthopedic Surgery', 54000, 4.7, 'In Progress', 'Successful shoulder surgery, patient in physiotherapy.'),
(48, 1, '2025-01-10', '2025-01-20', 'Cardiac Surgery', 65000, 4.9, 'In Progress', 'Heart valve replacement, patient recovering well.'),
(49, 4, '2025-01-15', '2025-01-25', 'Neurological Surgery', 72000, 4.6, 'In Progress', 'Brain surgery for tumor removal, patient in ICU.'),
(50, 28, '2025-01-20', '2025-01-30', 'Oncology Surgery', 85000, 4.8, 'In Progress', 'Pancreatic cancer surgery, patient in post-op care.');



-- Appointment Data
INSERT INTO Appointments (AppointmentDate, AppointmentStartTime, AppointmentEndTime, AppointmentStatus, Purpose, PatientID, StaffID)
VALUES
('2024-01-10', '08:15:00', '09:05:00', 'Completed', 'Bypass surgery consultation and procedure.', 1, 1),
('2024-02-15', '09:20:00', '10:10:00', 'Completed', 'Assessment for headache and migraine.', 2, 4),
('2024-03-12', '10:05:00', '11:00:00', 'Completed', 'Consultation and knee replacement surgery.', 3, 7),
('2024-04-22', '11:10:00', '12:00:00', 'Scheduled', 'Consultation for ongoing lung cancer treatment.', 4, 8),
('2024-05-02', '12:05:00', '13:00:00', 'Completed', 'Cardiac health check-up and follow-up.', 5, 11),
('2024-06-05', '13:15:00', '14:05:00', 'Completed', 'Post-surgery follow-up for brain tumor removal.', 6, 14),
('2024-06-18', '14:30:00', '15:15:00', 'Cancelled', 'Surgical follow-up for breast cancer.', 7, 17),
('2024-07-01', '15:10:00', '16:05:00', 'Completed', 'Routine cardiac evaluation and lifestyle counseling.', 8, 21),
('2024-07-10', '16:25:00', '17:10:00', 'Completed', 'Evaluation for dizziness and memory issues.', 9, 24),
('2024-07-15', '17:00:00', '17:55:00', 'Completed', 'Initial assessment for lymphoma treatment.', 10, 27),
('2024-08-03', '08:00:00', '08:50:00', 'Completed', 'Consultation for shoulder arthritis and therapy.', 11, 28),
('2024-08-10', '09:15:00', '10:05:00', 'Completed', 'Post-surgery consultation for colon cancer.', 12, 18),
('2024-08-15', '10:20:00', '11:10:00', 'Completed', 'Consultation for epilepsy and surgical intervention.', 13, 4),
('2024-08-20', '11:05:00', '12:00:00', 'Scheduled', 'Ongoing chemotherapy and consultation for ovarian cancer.', 14, 17),
('2024-08-25', '12:10:00', '13:00:00', 'Scheduled', 'Follow-up for valve replacement surgery.', 15, 11),
('2024-08-28', '13:15:00', '14:05:00', 'Scheduled', 'Routine cardiac follow-up post-surgery.', 16, 21),
('2024-09-01', '14:30:00', '15:20:00', 'Scheduled', 'Pre-surgery consultation for triple bypass.', 17, 1),
('2024-09-05', '15:25:00', '16:15:00', 'Cancelled', 'Initial consultation and treatment for Parkinson disease.', 18, 14),
('2024-09-10', '16:05:00', '17:00:00', 'Scheduled', 'Hip replacement surgery consultation and scheduling.', 19, 7),
('2024-09-12', '17:10:00', '18:00:00', 'Cancelled', 'Stress test and evaluation for angina.', 20, 11),
('2024-09-15', '08:15:00', '09:05:00', 'Scheduled', 'Skin cancer surgical consultation and procedure.', 21, 8),
('2024-09-20', '09:10:00', '10:00:00', 'Scheduled', 'Follow-up for stroke rehabilitation therapy.', 22, 24),
('2024-09-25', '10:20:00', '11:10:00', 'Cancelled', 'Post-operative care for liver cancer surgery.', 23, 27),
('2024-10-01', '11:15:00', '12:00:00', 'Scheduled', 'Consultation and monitoring after chemotherapy.', 24, 17),
('2024-10-05', '12:05:00', '13:00:00', 'Cancelled', 'Pacemaker installation consultation and follow-up.', 25, 21),
('2024-10-08', '13:10:00', '14:00:00', 'Scheduled', 'Seizure management and medication adjustment.', 26, 14),
('2024-10-12', '14:15:00', '15:05:00', 'Cancelled', 'Consultation for fracture treatment and bone healing.', 27, 7),
('2024-10-18', '15:00:00', '16:00:00', 'Scheduled', 'Thyroid cancer surgical consultation and follow-up.', 28, 18),
('2024-10-22', '16:05:00', '17:00:00', 'Cancelled', 'High blood pressure management consultation.', 29, 11),
('2024-10-30', '17:10:00', '18:00:00', 'Scheduled', 'Pre-procedure consultation for angioplasty.', 30, 1),
('2024-11-02', '08:20:00', '09:15:00', 'Scheduled', 'Preparation for spinal cord surgery.', 31, 4),
('2024-11-08', '09:30:00', '10:20:00', 'Scheduled', 'Post-shoulder surgery consultation and physiotherapy.', 32, 7),
('2024-11-12', '10:05:00', '11:00:00', 'Scheduled', 'Consultation for Alzheimers disease progression.', 33, 14),
('2024-11-18', '11:10:00', '12:00:00', 'Scheduled', 'Follow-up for breast cancer surgical results.', 34, 8),
('2024-11-22', '12:15:00', '13:05:00', 'Scheduled', 'Cholesterol management and dietary consultation.', 35, 21),
('2024-11-25', '13:20:00', '14:10:00', 'Scheduled', 'Post-surgery monitoring for breast cancer.', 36, 17),
('2024-11-28', '14:30:00', '15:20:00', 'Scheduled', 'Aortic valve repair consultation and follow-up.', 37, 11),
('2024-12-02', '15:25:00', '16:15:00', 'Scheduled', 'Routine follow-up after radiation therapy.', 38, 18),
('2024-12-05', '16:30:00', '17:20:00', 'Scheduled', 'Consultation for upcoming heart transplant.', 39, 1),
('2024-12-10', '17:05:00', '18:00:00', 'Scheduled', 'Spinal fusion surgery follow-up.', 40, 7),
('2024-12-15', '08:10:00', '09:00:00', 'Cancelled', 'Observation following cranial trauma surgery.', 41, 4),
('2024-12-20', '09:15:00', '10:05:00', 'Scheduled', 'Assessment for post-surgery improvement.', 42, 14),
('2024-12-22', '10:20:00', '11:10:00', 'Scheduled', 'Bladder cancer surgery follow-up.', 43, 27),
('2024-12-28', '11:05:00', '12:00:00', 'Scheduled', 'Cardiac stress test follow-up.', 44, 11),
('2024-12-30', '12:10:00', '13:00:00', 'Scheduled', 'Chemotherapy follow-up and response assessment.', 45, 8),
('2025-01-02', '13:15:00', '14:05:00', 'Scheduled', 'Continuous monitoring for leukemia treatment.', 46, 17),
('2025-01-05', '14:20:00', '15:10:00', 'Scheduled', 'Post-shoulder surgery physiotherapy follow-up.', 47, 7),
('2025-01-10', '15:30:00', '16:20:00', 'Scheduled', 'Heart valve replacement recovery check.', 48, 1),
('2025-01-15', '16:05:00', '17:00:00', 'Scheduled', 'Brain tumor removal surgery follow-up.', 49, 4);

-- Staff Schedule Data
INSERT INTO Staff_Schedule (StaffID, DayOfWeek, StartTime, EndTime)
VALUES
-- Schedule for StaffID 1
(1, 'Monday', '08:00:00', '16:00:00'),
(1, 'Wednesday', '08:00:00', '16:00:00'),
(1, 'Friday', '08:00:00', '16:00:00'),

-- Schedule for StaffID 2
(2, 'Monday', '08:00:00', '16:00:00'),
(2, 'Tuesday', '08:00:00', '16:00:00'),
(2, 'Thursday', '08:00:00', '16:00:00'),

-- Schedule for StaffID 3
(3, 'Tuesday', '09:00:00', '17:00:00'),
(3, 'Wednesday', '09:00:00', '17:00:00'),
(3, 'Thursday', '09:00:00', '17:00:00'),

-- Schedule for StaffID 4
(4, 'Monday', '08:00:00', '16:00:00'),
(4, 'Wednesday', '08:00:00', '16:00:00'),
(4, 'Friday', '08:00:00', '16:00:00'),

-- Schedule for StaffID 5
(5, 'Tuesday', '10:00:00', '18:00:00'),
(5, 'Thursday', '10:00:00', '18:00:00'),
(5, 'Saturday', '10:00:00', '18:00:00'),

-- Schedule for StaffID 6
(6, 'Monday', '08:00:00', '16:00:00'),
(6, 'Wednesday', '08:00:00', '16:00:00'),
(6, 'Friday', '08:00:00', '16:00:00'),

-- Schedule for StaffID 7
(7, 'Tuesday', '08:00:00', '16:00:00'),
(7, 'Thursday', '08:00:00', '16:00:00'),
(7, 'Saturday', '08:00:00', '16:00:00'),

-- Schedule for StaffID 8
(8, 'Monday', '09:00:00', '17:00:00'),
(8, 'Wednesday', '09:00:00', '17:00:00'),
(8, 'Friday', '09:00:00', '17:00:00'),

-- Schedule for StaffID 9
(9, 'Tuesday', '08:00:00', '16:00:00'),
(9, 'Thursday', '08:00:00', '16:00:00'),
(9, 'Saturday', '08:00:00', '16:00:00'),

-- Schedule for StaffID 10
(10, 'Monday', '10:00:00', '18:00:00'),
(10, 'Wednesday', '10:00:00', '18:00:00'),
(10, 'Friday', '10:00:00', '18:00:00'),

-- Schedule for StaffID 11
(11, 'Monday', '08:00:00', '16:00:00'),
(11, 'Tuesday', '08:00:00', '16:00:00'),
(11, 'Wednesday', '08:00:00', '16:00:00'),

-- Schedule for StaffID 12
(12, 'Thursday', '08:00:00', '16:00:00'),
(12, 'Friday', '08:00:00', '16:00:00'),
(12, 'Saturday', '08:00:00', '16:00:00'),

-- Schedule for StaffID 13
(13, 'Wednesday', '09:00:00', '17:00:00'),
(13, 'Thursday', '09:00:00', '17:00:00'),
(13, 'Friday', '09:00:00', '17:00:00'),

-- Schedule for StaffID 14
(14, 'Monday', '08:00:00', '16:00:00'),
(14, 'Wednesday', '08:00:00', '16:00:00'),
(14, 'Friday', '08:00:00', '16:00:00'),

-- Schedule for StaffID 15
(15, 'Tuesday', '10:00:00', '18:00:00'),
(15, 'Thursday', '10:00:00', '18:00:00'),
(15, 'Saturday', '10:00:00', '18:00:00'),

-- Schedule for StaffID 16
(16, 'Monday', '08:00:00', '16:00:00'),
(16, 'Wednesday', '08:00:00', '16:00:00'),
(16, 'Friday', '08:00:00', '16:00:00'),

-- Schedule for StaffID 17
(17, 'Tuesday', '08:00:00', '16:00:00'),
(17, 'Thursday', '08:00:00', '16:00:00'),
(17, 'Saturday', '08:00:00', '16:00:00'),

-- Schedule for StaffID 18
(18, 'Monday', '09:00:00', '17:00:00'),
(18, 'Wednesday', '09:00:00', '17:00:00'),
(18, 'Friday', '09:00:00', '17:00:00'),

-- Schedule for StaffID 19
(19, 'Tuesday', '08:00:00', '16:00:00'),
(19, 'Thursday', '08:00:00', '16:00:00'),
(19, 'Saturday', '08:00:00', '16:00:00'),

-- Schedule for StaffID 20
(20, 'Monday', '10:00:00', '18:00:00'),
(20, 'Wednesday', '10:00:00', '18:00:00'),
(20, 'Friday', '10:00:00', '18:00:00'),

-- Schedule for StaffID 21
(21, 'Tuesday', '08:00:00', '16:00:00'),
(21, 'Thursday', '08:00:00', '16:00:00'),
(21, 'Friday', '08:00:00', '16:00:00'),

-- Schedule for StaffID 22
(22, 'Wednesday', '08:00:00', '16:00:00'),
(22, 'Thursday', '08:00:00', '16:00:00'),
(22, 'Friday', '08:00:00', '16:00:00'),

-- Schedule for StaffID 23
(23, 'Monday', '09:00:00', '17:00:00'),
(23, 'Wednesday', '09:00:00', '17:00:00'),
(23, 'Friday', '09:00:00', '17:00:00'),

-- Schedule for StaffID 24
(24, 'Tuesday', '08:00:00', '16:00:00'),
(24, 'Thursday', '08:00:00', '16:00:00'),
(24, 'Saturday', '08:00:00', '16:00:00'),

-- Schedule for StaffID 25
(25, 'Monday', '10:00:00', '18:00:00'),
(25, 'Wednesday', '10:00:00', '18:00:00'),
(25, 'Friday', '10:00:00', '18:00:00'),

-- Schedule for StaffID 26
(26, 'Tuesday', '08:00:00', '16:00:00'),
(26, 'Thursday', '08:00:00', '16:00:00'),
(26, 'Saturday', '08:00:00', '16:00:00'),

-- Schedule for StaffID 27
(27, 'Monday', '08:00:00', '16:00:00'),
(27, 'Wednesday', '08:00:00', '16:00:00'),
(27, 'Friday', '08:00:00', '16:00:00'),

-- Schedule for StaffID 28
(28, 'Tuesday', '09:00:00', '17:00:00'),
(28, 'Wednesday', '09:00:00', '17:00:00'),
(28, 'Thursday', '09:00:00', '17:00:00'),

-- Schedule for StaffID 29
(29, 'Wednesday', '08:00:00', '16:00:00'),
(29, 'Thursday', '08:00:00', '16:00:00'),
(29, 'Friday', '08:00:00', '16:00:00'),

-- Schedule for StaffID 30
(30, 'Monday', '10:00:00', '18:00:00'),
(30, 'Wednesday', '10:00:00', '18:00:00'),
(30, 'Friday', '10:00:00', '18:00:00');

-- Populating JobChangeHistory with old and new job changes for staff
INSERT INTO JobChangeHistory (StaffID, OldJobType, NewJobType, OldSalary, NewSalary, OldDepartmentID, NewDepartmentID, ChangeDate, Reason)
VALUES
-- StaffID 1: Change within the same department but salary increase
(1, 'Doctor', 'Doctor', 110000, 120000, 1, 1, '2024-05-12', 'Salary increase for excellent performance'),
-- StaffID 2: Changed from Nurse to Admin
(2, 'Nurse', 'Admin', 60000, 65000, 1, 1, '2024-03-18', 'Changed job role from Nurse to Admin'),
-- StaffID 3: Department change, same job role
(3, 'Admin', 'Admin', 50000, 52000, 2, 3, '2024-04-25', 'Moved to a new department'),
-- StaffID 4: Change within the same department, salary increase
(4, 'Lab Technician', 'Lab Technician', 45000, 47000, 2, 2, '2024-07-01', 'Salary increase for additional qualifications'),
-- StaffID 5: Promotion from Lab Technician to Surgeon
(5, 'Lab Technician', 'Surgeon', 47000, 130000, 3, 4, '2024-01-19', 'Promotion from Lab Technician to Surgeon'),
-- StaffID 6: Transfer to a new department with salary increase
(6, 'Nurse', 'Nurse', 58000, 62000, 4, 5, '2024-02-10', 'Transferred to Orthopedics department with salary increase'),
-- StaffID 7: Job type change and department change
(7, 'Doctor', 'Surgeon', 115000, 135000, 2, 4, '2024-03-15', 'Changed job role from Doctor to Surgeon and moved to Oncology department'),
-- StaffID 8: Moved to a new department, no salary change
(8, 'Admin', 'Admin', 52000, 52000, 1, 2, '2024-06-12', 'Moved from Cardiology to Neurology with no salary change'),
-- StaffID 9: Promotion with a department change
(9, 'Nurse', 'Doctor', 60000, 120000, 3, 1, '2024-04-05', 'Promoted from Nurse to Doctor and moved to Cardiology'),
-- StaffID 10: Salary increase within the same department
(10, 'Surgeon', 'Surgeon', 130000, 140000, 5, 5, '2024-09-22', 'Salary increase due to high performance')
;
